10082,22.9,36.3
10098,22.9,36.2
10108,22.9,36.2
10119,22.9,36.3
10150,22.9,36.3
10175,22.9,36.4
10188,22.9,36.5
10204,22.9,36.5
10217,22.9,36.5
10233,22.9,36.5
10246,22.9,36.5
10256,22.9,36.5
10272,22.9,36.7
10287,22.9,36.7
10300,22.9,36.8
10311,22.9,36.7
10321,22.9,36.6
10332,22.9,36.6
10345,22.9,36.5
10355,22.9,36.5
10384,22.9,36.6
10394,22.9,36.6
10410,22.9,36.6
10438,22.9,36.4
10459,22.9,36.3
10472,22.9,36.4
10483,22.9,36.4
10516,22.9,36.3
10527,22.9,36.3
10542,22.9,36.4
10563,22.9,36.4
10574,22.9,36.4
10584,22.9,36.4
10597,22.9,36.6
10608,22.9,36.6
10618,22.9,36.7
10629,22.9,36.6
10667,22.9,36.8
10678,22.9,36.8
10691,22.9,36.5
10704,22.9,36.6
10717,22.9,36.5
10735,22.9,36.4
10763,22.9,36.4
10776,22.9,36.4
10787,22.9,36.4
10802,22.9,36.6
10815,22.9,36.7
10846,22.9,36.5
10857,22.9,36.5
10867,22.9,36.5
10878,22.9,36.5
10888,22.9,36.5
10901,24.4,77.7
10917,26.8,83.5
10927,27.3,46.8
10940,27.1,39.4
10964,26.4,35.4
10979,25.9,35.0
11010,25.2,35.0
11031,24.9,35.4
11041,24.9,35.4
11064,24.5,35.8
11085,24.3,35.7
11098,24.2,35.9
11108,24.2,36.0
11134,24.0,36.2
11147,23.9,36.3
11206,23.6,36.8
11219,23.6,37.0
11260,23.4,36.7
11283,23.4,36.6
11296,23.3,36.7
11319,23.3,36.9
11332,23.3,36.8
11348,23.3,36.9
11358,23.3,36.9
11371,23.3,37.0
11387,23.2,37.1
11402,23.2,37.1
11418,23.2,37.2
11428,23.2,37.2
11449,23.1,37.0
11465,23.1,37.1
11480,23.1,37.2
11496,23.1,37.1
11511,23.1,46.9
11527,25.0,80.1
11550,27.1,83.6
11566,27.9,80.4
11576,28.3,78.3
11592,28.6,61.5
11602,28.5,44.2
11621,27.8,36.4
11636,27.3,34.6
11647,27.2,34.4
11657,26.9,34.1
11675,26.2,34.1
11696,25.7,34.4
11706,25.7,34.5
11730,25.2,35.0
11755,24.8,35.3
11789,24.5,35.7
11799,24.4,35.8
11817,24.3,36.0
11840,24.1,36.0
11851,24.1,36.0
11861,24.1,36.1
11877,23.9,36.2
11888,23.9,36.2
11908,23.8,36.4
11919,23.8,36.4
11929,23.8,36.5
11940,23.7,36.5
11950,23.7,36.5
11966,23.6,36.5
11982,23.5,36.5
11997,23.5,36.4
12008,23.5,36.4
12023,23.5,36.5
12039,23.5,36.5
12049,1.1,33.3
12062,23.4,36.5
12123,23.3,36.5
12134,23.4,36.6
12149,23.3,36.6
12160,23.3,36.7
12173,23.3,36.6
12189,23.3,36.7
12202,23.3,36.9
12217,23.2,36.8
12238,23.2,36.9
12264,23.2,36.9
12282,23.2,36.9
12315,23.2,36.9
12326,23.2,36.8
12346,23.2,36.8
12362,23.2,36.8
12372,23.2,36.8
12383,23.2,36.8
12396,23.2,36.8
12416,23.2,36.8
12432,23.1,36.9
12450,23.2,36.7
12471,23.1,36.1
12509,23.1,36.7
12527,23.1,36.4
12538,23.1,36.4
12548,23.1,36.5
12561,23.1,36.5
12574,23.1,36.5
12587,23.1,36.5
12598,23.1,36.5
12624,23.1,36.3
12634,23.1,36.3
12647,23.0,36.2
12660,23.0,36.2
12676,23.0,36.2
12686,23.0,36.1
12700,23.0,36.0
12710,23.0,36.0
12731,23.0,36.0
12749,23.0,35.9
12764,22.9,35.9
12777,22.9,35.8
12793,22.9,35.9
12804,22.9,35.9
12814,22.9,35.9
12835,22.9,35.9
12850,22.9,35.9
12861,22.9,35.9
12871,22.9,36.0
12882,22.9,36.0
12892,22.9,36.0
12903,22.9,36.0
12916,22.9,36.1
12927,22.9,36.1
12947,22.9,36.1
12958,22.9,36.1
12971,22.8,36.1
12986,22.9,36.2
12997,22.9,36.2
13010,22.9,36.2
13025,22.8,36.1
13041,22.8,36.1
13052,22.8,36.1
13080,22.8,36.1
13090,22.8,36.0
13103,22.8,36.0
13114,22.4,35.2
13124,22.8,36.0
13135,22.8,36.0
13146,22.8,36.0
13156,22.8,36.0
13167,22.8,36.0
13177,22.8,36.0
13190,22.8,36.0
13201,22.8,36.0
13226,22.8,36.0
13242,22.8,36.0
13260,22.8,36.0
13271,22.8,36.0
13294,22.8,36.1
13307,22.8,36.1
13317,22.8,36.1
13330,22.8,36.2
13341,22.8,36.2
13357,22.8,36.2
13372,22.8,36.2
13388,22.8,36.2
13403,22.8,36.1
13419,22.8,36.1
13434,22.8,36.1
13445,22.8,36.1
13461,22.8,36.0
13484,22.8,35.9
13499,22.8,35.8
13522,22.8,35.8
13533,22.8,35.9
13544,22.8,35.8
13557,22.8,35.8
13567,22.8,35.6
13580,22.8,35.8
13591,22.7,35.8
13606,22.7,35.8
13619,22.7,35.8
13635,22.7,35.8
13645,22.7,35.8
13666,22.7,35.9
13677,22.7,35.9
13695,22.7,36.0
13705,22.7,36.0
13716,22.7,36.0
13729,22.7,36.0
13739,22.7,36.0
13752,22.7,36.1
13781,22.7,36.1
13791,22.7,36.1
13804,22.7,36.1
13815,22.7,36.1
13830,22.7,36.0
13846,22.7,36.0
13859,22.7,36.0
13875,22.7,36.0
13888,22.7,36.0
13906,22.7,36.0
13921,22.7,35.9
13937,22.7,35.9
13947,22.7,35.9
13958,22.7,35.9
13974,22.7,35.9
13987,22.7,35.9
14005,22.7,35.9
14025,22.7,35.9
14036,22.7,35.9
14046,22.7,35.9
14067,22.7,35.9
14080,22.7,35.9
14096,22.7,36.0
14119,22.7,36.0
14134,22.7,36.0
14150,22.7,36.1
14161,22.7,36.1
14171,22.7,36.1
14184,22.6,36.1
14200,22.6,36.1
14215,22.6,36.1
14231,22.6,36.1
14246,22.6,36.1
14262,22.6,36.2
14285,22.6,36.2
14301,22.6,36.2
14319,22.6,36.2
14337,22.6,36.3
14360,22.6,36.3
14371,22.6,36.3
14386,22.6,36.3
14402,22.7,36.4
14430,22.6,36.3
14441,22.6,36.3
14451,22.7,36.4
14467,22.6,36.3
14477,22.6,36.3
14498,22.6,36.4
14513,22.6,36.4
14524,22.6,36.4
14535,22.6,36.5
14545,22.6,36.5
14556,22.6,36.5
14571,22.6,36.5
14587,22.6,36.5
14602,22.6,36.5
14613,22.6,36.5
14623,22.6,36.5
14637,22.6,36.5
14652,22.6,36.5
14668,22.6,36.4
14683,22.6,36.4
14699,22.6,36.4
14709,22.6,36.4
14720,22.6,36.3
14733,22.6,36.3
14744,22.6,36.3
14754,22.6,36.3
14785,22.6,36.2
14795,22.6,36.2
14806,22.6,36.2
14816,22.6,36.2
14832,22.6,36.2
14843,22.6,36.1
14853,22.6,36.2
14864,22.6,36.1
14882,22.6,36.1
14905,22.6,36.2
14923,22.6,36.2
14934,22.6,36.2
14949,22.6,36.2
14965,22.6,36.2
14980,22.6,36.3
14996,22.6,36.3
15009,22.6,36.3
15019,22.6,36.3
15030,22.6,36.3
15043,22.6,36.3
15059,22.6,36.3
15072,22.6,36.3
15082,22.6,36.3
15098,22.6,36.3
15113,22.6,36.3
15137,22.6,36.2
15150,22.6,35.4
15160,22.6,36.2
15173,22.6,36.2
15186,22.6,36.2
15202,22.5,36.1
15217,22.5,36.1
15228,22.5,36.2
15241,22.6,36.3
15251,22.5,36.2
15265,22.5,36.2
15275,22.5,36.2
15296,22.5,36.2
15311,22.5,36.2
15322,22.5,36.2
15335,22.6,36.3
15361,22.5,36.2
15371,22.5,36.2
15392,0.1,33.0
15402,22.5,36.2
15415,22.5,36.2
15428,22.5,36.1
15444,22.5,36.1
15454,22.5,36.1
15475,22.5,36.1
15491,22.5,36.1
15506,22.5,36.1
15517,22.5,36.2
15530,22.5,36.2
15548,22.5,36.2
15561,22.5,36.2
15577,22.5,36.2
15592,22.5,36.2
15608,22.5,36.3
15623,22.5,36.2
15634,22.5,36.2
15647,22.5,36.2
15663,22.5,36.2
15676,22.5,36.3
15686,22.5,36.3
15702,22.5,36.3
15725,22.5,36.2
15735,22.5,36.2
15748,22.5,36.3
15759,22.5,36.2
15772,22.5,36.2
15783,22.5,36.2
15796,22.5,36.2
15806,22.5,36.2
15819,22.5,36.1
15836,22.5,36.1
15852,22.5,36.1
15862,22.5,36.2
15875,22.5,36.1
15886,22.5,36.1
15899,22.5,36.1
15912,22.5,36.1
15928,22.5,36.2
15943,22.5,36.2
15956,22.5,36.2
15967,22.5,36.2
15982,22.5,36.2
15993,22.5,36.2
16003,22.5,36.2
16016,22.5,36.2
16027,22.5,36.2
16040,22.5,36.2
16056,22.5,36.3
16071,22.5,36.3
16087,22.4,36.2
16097,22.4,36.2
16110,22.5,36.3
16128,22.4,36.2
16144,22.4,36.2
16157,22.4,36.2
16173,22.4,36.2
16188,22.4,36.2
16219,22.4,36.3
16230,22.5,36.3
16240,22.4,36.3
16253,22.4,36.3
16274,22.4,36.3
16284,22.4,36.3
16300,22.5,36.5
16315,22.4,36.4
16336,22.4,36.4
16347,22.4,36.4
16360,22.4,36.4
16375,22.4,36.4
16386,22.4,36.4
16399,22.4,36.5
16409,22.4,36.5
16420,22.4,36.5
16430,22.4,36.5
16441,22.4,36.5
16454,22.4,36.5
16472,22.4,36.6
16485,22.4,36.6
16498,22.4,36.6
16516,22.4,36.6
16527,22.4,36.6
16542,22.4,36.6
16556,22.4,36.6
16566,22.4,36.6
16579,22.4,36.6
16590,22.4,36.6
16600,22.4,36.7
16616,22.4,36.7
16626,22.4,36.7
16637,22.4,36.7
16657,22.4,36.7
16668,22.4,36.7
16684,22.4,36.7
16694,22.4,36.7
16707,22.4,36.7
16723,22.4,36.7
16738,22.4,36.7
16751,22.4,36.8
16767,22.4,36.8
16783,22.4,36.8
16798,22.4,36.8
16811,22.4,36.8
16822,22.4,36.8
16832,22.4,36.8
16843,22.4,36.8
16853,22.4,36.8
16866,22.4,36.8
16877,22.4,36.8
16892,22.4,36.8
16908,22.4,36.8
16924,22.4,36.8
16934,22.4,36.8
16952,22.4,36.8
16980,22.4,36.8
16994,22.4,36.8
17004,22.4,36.8
17015,22.4,36.8
17033,22.4,36.8
17051,22.4,36.8
17061,22.4,36.8
17072,22.4,36.8
17085,22.4,36.8
17095,22.4,36.8
17111,22.4,36.8
17122,22.4,36.8
17132,22.4,36.8
17150,22.4,36.8
17161,22.4,36.8
17189,22.4,36.8
17199,22.4,36.8
17215,22.4,36.8
17231,22.4,36.8
17249,22.4,36.8
17259,22.4,36.8
17272,22.4,36.9
17283,22.4,36.9
17293,22.4,36.9
17306,22.4,36.9
17317,22.4,36.9
17330,22.4,36.9
17341,22.4,36.9
17356,22.4,36.9
17372,22.4,36.9
17382,22.4,36.9
17395,22.4,36.9
17406,22.4,36.9
17419,22.4,36.9
17429,22.4,36.9
17448,22.4,36.9
17471,22.4,36.9
17481,22.3,36.8
17497,22.3,36.8
17510,15.9,36.8
17523,22.3,36.8
17533,22.4,36.9
17547,22.4,36.9
17557,22.3,36.9
17570,22.4,37.0
17581,22.4,37.0
17594,22.4,37.0
17609,22.3,36.9
17620,22.3,36.9
17630,22.3,36.9
17641,15.8,36.9
17651,22.4,37.0
17664,22.3,36.8
17678,22.4,37.0
17688,22.4,36.9
17701,22.3,36.9
17719,22.3,36.9
17732,22.4,37.0
17748,22.4,37.0
17763,22.4,36.9
17782,22.3,36.8
17802,22.4,36.8
17818,22.3,36.7
17828,22.4,36.8
17854,22.3,36.7
17865,22.4,36.8
17878,22.3,36.7
17888,22.4,36.8
17899,22.3,36.7
17912,22.3,36.7
17927,22.3,36.7
17943,22.3,36.7
17953,22.3,36.7
17966,22.3,36.7
17990,22.3,36.7
18008,22.3,36.7
18026,22.3,36.7
18039,22.3,36.7
18057,22.3,11.1
18078,22.3,36.8
18093,22.3,36.7
18109,22.3,36.8
18124,22.3,36.8
18137,22.3,36.8
18148,22.3,36.8
18179,22.3,36.8
18194,22.3,36.8
18210,22.3,36.8
18220,22.3,36.8
18233,22.3,36.9
18247,22.3,36.8
18265,22.3,37.0
18283,22.3,37.0
18293,22.3,37.0
18306,22.3,37.0
18322,22.3,37.0
18337,22.3,37.0
18353,22.2,36.9
18364,22.3,36.9
18379,22.3,36.9
18397,22.3,36.9
18410,22.3,36.9
18426,22.3,36.9
18442,22.3,36.9
18460,22.3,36.9
18475,22.3,36.9
18486,22.3,36.9
18501,22.3,36.9
18512,22.3,36.9
18522,22.3,37.0
18533,22.3,37.0
18543,22.3,37.0
18554,22.3,37.0
18564,22.3,37.0
18575,22.3,37.0
18591,22.3,37.1
18606,22.2,37.0
18629,22.3,37.1
18640,22.3,37.1
18655,22.2,37.0
18671,22.3,37.1
18687,22.3,37.1
18697,22.3,37.1
18708,22.3,37.1
18721,22.3,37.1
18736,22.3,37.1
18747,22.3,37.1
18757,22.3,37.1
18783,22.3,37.0
18801,22.3,37.0
18817,22.3,37.0
18835,22.3,37.0
18845,22.2,37.0
18858,22.2,37.0
18869,22.2,37.0
18882,22.2,37.0
18898,22.2,37.0
18918,22.2,37.0
18934,22.2,37.1
18947,22.2,37.0
18963,22.2,37.1
18978,22.2,37.0
18989,22.2,37.0
18999,22.2,37.0
19010,22.2,37.0
19025,22.2,37.1
19036,22.0,37.1
19049,22.2,37.1
19064,22.2,37.1
19080,22.2,37.1
19091,22.2,37.1
19104,22.2,37.1
19129,22.2,37.2
19142,22.2,37.2
19153,22.2,37.2
19163,22.2,37.1
19176,22.2,37.1
19195,22.2,37.1
19205,22.2,37.1
19216,22.2,37.1
19229,22.2,37.0
19239,22.2,37.0
19255,22.2,37.0
19278,22.2,37.0
19294,22.2,36.9
19307,22.2,37.0
19320,22.2,36.9
19330,22.2,36.9
19341,22.2,36.9
19351,22.2,36.9
19362,22.2,37.0
19372,22.2,37.0
19390,22.1,36.9
19406,22.2,37.0
19422,22.2,37.1
19442,22.2,37.1
19458,22.2,37.0
19471,22.1,37.0
19484,22.1,37.0
19497,22.2,37.0
19520,22.1,36.9
19536,22.2,37.0
19549,22.1,36.9
19562,22.1,36.9
19575,22.1,36.9
19593,22.2,36.9
19604,22.1,36.9
19614,22.2,36.9
19625,22.1,36.9
19643,22.1,36.9
19658,22.1,36.8
19674,22.2,36.7
19684,22.1,36.7
19718,22.1,36.7
19731,22.1,36.7
19746,22.1,36.7
19762,22.1,36.7
19775,22.1,36.7
19786,22.1,36.7
19796,22.1,36.6
19807,22.1,36.5
19817,22.1,36.5
19830,22.1,36.5
19848,22.1,36.5
19864,22.1,36.5
19879,22.1,36.5
19892,22.1,36.5
19906,22.1,36.5
19921,22.1,36.5
19932,22.1,36.5
19945,22.1,36.6
19960,22.0,36.6
19978,22.1,36.7
19991,22.1,36.8
20005,22.1,36.8
20015,22.1,36.8
20031,22.1,36.9
20054,22.1,36.9
20077,22.1,36.9
20087,22.1,36.9
20098,22.1,36.9
20111,22.1,36.9
20122,22.1,36.9
20132,22.0,36.8
20148,22.0,36.8
20158,22.1,36.9
20176,22.0,36.8
20187,22.0,36.8
20200,22.0,36.7
20210,22.0,36.7
20229,22.0,36.7
20254,22.0,36.7
20265,22.0,36.7
20278,22.0,36.7
20293,22.0,36.8
20304,22.0,36.8
20317,22.0,36.8
20328,22.0,36.8
20338,22.0,36.9
20349,22.0,36.9
20359,22.0,36.9
20370,22.0,36.9
20385,22.0,36.9
20406,22.0,36.9
20419,22.0,36.9
20432,2.8,30.5
20450,22.0,36.9
20461,22.0,36.9
20474,22.0,36.9
20487,22.0,36.8
20500,22.0,36.8
20515,22.0,36.8
20526,22.0,36.8
20536,22.0,36.7
20547,22.0,36.7
20563,22.0,36.7
20573,22.0,36.7
20584,22.0,36.6
20597,22.0,36.6
20610,22.0,36.6
20620,22.0,36.6
20636,22.0,36.6
20654,22.0,36.6
20664,22.0,36.6
20678,22.0,36.6
20698,22.0,36.6
20714,22.0,36.5
20727,22.0,36.6
20742,22.0,36.6
20755,22.0,36.6
20779,22.0,36.7
20794,22.0,36.7
20805,22.0,36.7
20828,22.0,36.7
20838,22.0,36.7
20849,21.6,36.7
20859,22.0,36.7
20875,22.0,36.7
20891,22.0,36.6
20901,22.0,36.6
20912,22.0,36.5
20922,22.0,36.6
20938,22.0,36.5
20948,22.0,36.5
20964,22.0,36.4
20980,22.0,36.3
20990,21.9,36.2
21001,21.9,36.1
21016,21.8,36.0
21032,21.8,36.0
21042,21.8,36.0
21060,21.8,36.1
21073,21.8,36.2
21084,21.8,36.2
21097,21.8,36.1
21113,21.8,36.0
21123,21.8,36.0
21136,21.8,35.9
21147,21.8,36.0
21160,21.9,36.1
21175,21.8,36.0
21191,21.8,35.9
21201,21.8,35.9
21215,21.8,35.8
21230,21.8,36.1
21253,21.8,35.9
21269,21.8,35.8
21279,21.8,35.8
21290,21.8,35.9
21311,21.8,35.8
21321,21.9,35.8
21342,21.8,35.7
21352,21.9,35.8
21365,21.8,35.7
21381,21.9,35.8
21391,21.8,35.7
21404,21.8,35.8
21415,21.8,35.8
21431,21.8,35.8
21444,21.8,35.8
21454,21.8,35.7
21467,21.8,35.7
21485,21.8,35.7
21498,21.8,35.7
21514,21.8,35.7
21527,21.8,35.6
21538,21.8,35.6
21561,21.8,35.6
21574,21.8,35.7
21592,21.7,35.6
21602,21.7,35.6
21646,21.7,35.6
21656,21.7,35.6
21669,21.7,35.5
21680,21.8,35.5
21690,21.8,35.5
21703,21.8,35.6
21714,21.8,35.6
21727,21.8,35.6
21743,21.8,35.7
21761,21.8,35.7
21774,21.7,35.5
21792,21.7,35.5
21808,21.6,35.3
21826,21.6,35.3
21841,21.6,35.3
21852,21.6,35.4
21862,21.6,35.2
21878,21.6,35.3
21888,21.6,35.3
21901,21.6,35.5
21920,21.5,35.3
21930,21.5,35.3
21951,21.5,35.2
21971,21.5,35.1
21987,21.5,35.4
22000,21.5,35.6
22023,21.5,35.4
22034,21.5,35.4
22047,21.6,35.4
22060,21.6,35.3
22070,21.5,35.2
22083,21.5,35.2
22104,21.5,35.1
22120,21.5,35.1
22130,21.5,35.0
22143,21.5,35.0
22166,21.5,35.0
22182,21.5,34.9
22192,21.5,34.9
22203,21.5,34.9
22221,21.5,35.0
22234,21.5,35.1
22247,21.5,35.0
22263,21.5,35.0
22273,21.5,35.0
22286,21.5,35.0
22302,21.5,35.0
22313,21.5,35.0
22328,21.5,34.9
22341,21.5,35.0
22352,21.5,35.0
22370,21.5,35.0
22383,21.5,35.0
22393,21.5,35.0
22409,21.5,35.0
22425,21.5,34.9
22465,21.5,34.9
22476,21.5,34.9
22486,21.5,34.9
22497,21.5,34.9
22508,21.5,34.9
22523,21.5,34.8
22539,21.5,34.9
22554,21.5,34.9
22575,21.5,34.9
22616,21.6,34.9
22626,21.6,34.9
22644,21.6,35.0
22660,21.6,34.9
22671,21.6,34.9
22686,21.6,34.9
22697,21.6,34.9
22707,21.6,34.8
22720,21.6,34.9
22731,21.6,34.9
22744,21.6,34.9
22754,21.6,34.8
22767,21.6,34.8
22788,21.6,34.9
22799,21.6,34.9
22814,21.6,34.9
22830,21.6,34.9
22840,21.6,35.0
22856,21.6,35.0
22869,21.6,35.1
22882,21.6,35.1
22892,21.6,35.1
22903,21.6,35.1
22924,21.6,35.2
22939,21.6,35.2
22955,21.6,35.2
22970,21.6,35.2
22986,21.6,35.1
23002,21.6,34.9
23015,21.5,34.8
23030,21.5,34.7
23046,21.5,34.6
23059,21.5,34.7
23069,21.5,34.7
23082,21.5,34.8
23098,21.6,34.9
23111,21.5,34.7
23127,21.5,34.7
23137,21.5,34.7
23148,21.5,34.8
23161,21.5,34.9
23179,21.5,34.8
23189,21.5,34.8
23202,21.5,34.8
23218,21.5,34.7
23234,21.5,34.7
23247,21.5,34.7
23257,21.5,34.7
23268,21.5,34.7
23283,21.5,34.7
23294,21.5,34.7
23304,21.5,34.7
23322,21.5,34.8
23338,21.5,34.7
23354,21.5,34.6
23377,21.5,34.6
23392,21.5,34.6
23405,21.5,34.7
23416,21.5,34.7
23432,21.5,34.8
23447,21.5,34.7
23485,21.5,34.7
23529,21.5,34.7
23542,21.5,34.8
23558,21.5,34.8
23568,21.5,34.8
23596,21.5,34.8
23612,21.5,34.8
23627,21.5,34.8
23638,21.5,34.8
23648,21.5,34.8
23659,21.5,34.8
23670,21.5,34.8
23680,21.5,34.8
23696,21.5,34.7
23719,21.5,34.7
23732,21.5,34.7
23747,21.5,34.7
23771,21.5,34.7
23786,21.5,34.7
23797,21.5,34.7
23812,21.5,34.7
23828,21.4,34.7
23844,21.5,34.8
23857,21.5,34.8
23867,21.5,34.8
23883,21.5,34.8
23896,21.5,34.8
23906,21.5,34.8
23917,21.5,34.8
23927,21.5,34.8
23938,21.5,34.8
23948,21.5,34.8
23961,21.5,34.8
23975,21.5,34.8
23990,21.4,34.7
24006,21.5,34.8
24021,21.5,34.8
24047,21.5,34.7
24063,21.4,34.7
24106,21.4,34.7
24129,21.5,34.7
24147,21.4,34.6
24158,21.4,34.6
24176,21.4,34.6
24186,21.4,34.5
24210,21.4,34.5
24223,21.4,34.5
24238,21.4,34.4
24254,21.4,34.4
24269,21.4,34.4
24285,21.4,34.5
24295,21.4,34.4
24309,21.4,34.5
24319,21.4,34.5
24330,21.4,34.5
24345,21.3,34.4
24356,21.3,34.4
24389,21.3,34.5
24405,21.3,34.4
24415,21.3,34.4
24428,21.3,34.3
24441,21.3,34.3
24454,21.3,34.3
24470,21.3,34.3
24480,21.3,34.3
24493,21.3,34.3
24509,21.3,34.3
24522,21.3,34.3
24533,21.3,34.3
24543,21.3,34.3
24561,21.3,34.3
24572,21.3,34.3
24587,21.3,34.3
24598,21.3,34.4
24618,21.3,34.4
24632,21.4,34.6
24645,21.4,34.6
24655,21.4,34.6
24668,21.4,34.6
24679,21.4,34.5
24692,21.4,34.6
24707,21.4,34.6
24736,21.3,34.3
24754,21.3,34.3
24779,21.3,34.3
24790,21.4,34.4
24800,21.4,34.4
24814,21.3,34.3
24824,21.4,34.4
24847,21.4,34.4
24860,21.4,34.4
24888,21.3,34.3
24899,21.3,34.4
24910,21.4,34.5
24930,21.4,34.4
24946,21.4,34.3
24961,21.3,34.2
24982,21.3,34.2
24993,21.3,34.2
25003,21.4,34.3
25019,21.4,34.3
25032,21.4,34.3
25045,21.4,34.3
25058,21.4,34.3
25073,21.4,34.3
25084,21.3,34.3
25094,21.4,34.4
25105,21.4,34.3
25116,21.4,34.4
25134,21.4,34.4
25147,21.4,34.4
25162,21.4,34.5
25173,21.3,34.4
25186,21.3,34.4
25201,21.3,34.4
25212,21.3,34.5
25225,21.3,34.3
25241,21.3,34.3
25259,21.3,34.3
25269,21.3,34.3
25282,21.3,34.3
25295,21.3,34.4
25311,21.3,34.4
25321,21.3,34.4
25332,21.3,34.4
25343,21.3,34.4
25353,21.3,34.4
25369,21.3,34.4
25384,21.3,34.4
25397,21.3,34.5
25410,21.3,34.5
25421,21.3,34.5
25434,21.3,34.5
25447,21.3,34.5
25470,21.3,34.5
25486,21.3,34.5
25496,21.3,34.5
25512,21.3,34.5
25525,21.3,34.4
25540,21.3,34.5
25551,21.3,34.5
25572,21.3,34.5
25587,21.3,34.5
25598,21.3,34.5
25611,21.3,34.5
25621,21.3,34.5
25632,21.3,34.5
25645,21.3,34.6
25655,21.3,34.6
25669,21.3,34.6
25684,21.3,34.6
25695,21.3,34.6
25710,21.3,34.7
25726,21.3,34.7
25739,21.3,34.7
25754,21.3,34.7
25765,21.3,34.8
25776,21.3,34.8
25789,21.3,34.8
25812,21.3,34.9
25822,21.3,34.8
25835,21.3,34.9
25848,21.3,34.9
25861,21.3,34.9
25877,21.3,34.9
25890,21.3,34.9
25901,21.3,34.9
25916,21.3,35.0
25932,21.3,34.9
25947,21.3,34.9
25958,21.3,34.9
25971,21.3,34.9
25994,21.3,34.9
26017,21.3,34.9
26028,21.3,34.9
26041,21.3,34.9
26054,21.3,35.0
26067,21.3,35.0
26077,21.3,35.0
26091,21.3,35.0
26101,21.3,35.0
26112,21.3,35.0
26130,21.3,35.0
26140,21.3,35.0
26156,21.3,35.0
26166,21.3,35.0
26179,21.3,35.0
26190,21.3,35.0
26213,21.3,35.0
26229,21.3,35.0
26244,21.3,35.0
26260,21.3,35.0
26275,21.3,35.1
26289,21.3,35.1
26299,21.3,35.1
26315,21.3,35.1
26338,21.3,35.1
26353,21.3,35.2
26366,21.3,35.2
26377,21.3,35.2
26387,21.3,35.1
26401,21.3,35.2
26411,21.3,35.1
26427,21.3,35.2
26442,21.3,35.2
26458,21.3,35.2
26476,21.3,35.2
26492,21.3,35.2
26507,21.3,35.2
26523,21.3,35.2
26533,21.3,35.2
26546,21.3,35.2
26562,21.3,35.2
26575,21.3,35.2
26588,21.3,35.3
26598,21.3,35.3
26612,21.3,35.3
26622,21.3,35.3
26643,21.3,35.3
26653,21.3,35.3
26666,21.3,35.4
26682,21.4,35.5
26697,21.3,35.4
26713,21.3,35.4
26724,21.3,35.4
26739,21.3,35.4
26750,21.3,35.4
26770,21.4,35.5
26781,21.3,35.4
26791,21.4,35.5
26802,21.4,35.6
26815,21.4,35.6
26825,21.3,35.5
26836,21.4,35.6
26847,21.4,35.6
26860,21.4,35.6
26878,21.4,35.6
26898,21.3,35.5
26909,21.3,35.5
26930,21.3,35.5
26943,21.4,35.6
26953,21.3,35.5
26969,21.3,35.6
26984,21.3,35.6
27002,21.4,35.7
27013,21.3,35.6
27026,21.3,35.6
27036,21.3,35.6
27050,21.4,35.7
27060,21.3,35.6
27081,21.3,35.6
27091,21.3,35.6
27107,21.3,35.7
27117,21.4,35.7
27133,21.3,35.7
27154,21.3,35.7
27177,21.3,35.7
27192,21.3,35.7
27203,21.3,35.7
27213,21.4,35.8
27226,21.3,35.7
27242,21.3,35.7
27253,21.3,35.7
27266,21.3,35.7
27281,21.3,35.7
27297,21.3,35.7
27312,21.3,35.7
27328,21.3,35.7
27351,21.3,35.8
27362,21.3,35.7
27377,21.3,35.8
27388,21.4,35.8
27401,21.3,35.8
27419,21.3,35.8
27432,21.4,35.9
27448,21.3,35.8
27458,21.4,35.9
27474,21.3,35.8
27489,21.3,35.8
27502,21.3,35.8
27513,21.3,35.8
27528,21.4,35.9
27547,21.3,35.8
27557,21.3,35.9
27570,21.3,35.9
27586,21.3,35.9
27596,21.3,35.9
27612,21.3,35.9
27622,21.3,35.9
27643,21.3,35.9
27653,21.3,35.9
27672,21.3,36.0
27690,21.3,35.9
27700,21.3,35.9
27718,21.3,36.0
27742,21.4,36.1
27757,21.4,36.1
27770,21.4,36.1
27788,21.3,36.0
27804,21.3,36.0
27814,21.3,36.0
27825,21.3,36.0
27835,21.3,36.0
27848,21.4,36.1
27862,21.4,36.1
27885,21.4,36.1
27900,21.4,36.1
27916,21.3,36.0
27929,21.4,36.1
27942,21.4,36.1
27953,21.3,36.0
27966,21.4,36.1
27976,21.3,36.0
27989,21.3,36.0
28010,21.3,36.0
28020,21.3,36.0
28041,21.4,36.1
28057,21.3,36.1
28077,21.4,36.1
28093,21.4,36.1
28116,21.4,36.1
28132,21.4,36.1
28147,21.4,36.1
28163,21.3,36.0
28178,21.3,36.0
28189,21.4,36.1
28202,21.4,36.1
28217,21.4,36.1
28233,21.3,36.0
28244,21.3,36.0
28254,21.3,36.0
28265,21.4,36.1
28275,21.4,36.1
28291,21.3,36.0
28301,21.4,36.1
28314,21.3,36.0
28325,21.3,36.0
28338,21.4,36.1
28348,21.3,36.0
28361,21.3,36.1
28375,21.4,36.2
28385,21.4,36.2
28398,21.3,36.1
28409,21.4,36.2
28432,21.4,36.3
28455,21.4,36.3
28471,21.4,36.3
28486,21.4,36.4
28499,21.4,36.4
28510,21.4,36.4
28530,21.4,36.4
28541,21.4,36.4
28554,21.4,36.4
28565,21.4,36.4
28580,21.4,36.4
28596,21.4,36.5
28606,21.4,36.5
28617,21.4,36.5
28630,21.4,36.5
28653,21.4,36.5
28669,21.4,36.5
28679,21.4,36.5
28695,21.4,36.5
28710,21.4,36.5
28726,21.4,36.5
28744,21.4,36.5
28757,21.4,36.5
28773,21.4,36.5
28788,21.4,36.6
28804,21.4,36.5
28817,21.4,36.5
28832,21.4,36.5
28843,21.4,36.5
28853,21.4,36.6
28864,21.4,36.6
28875,21.4,36.6
28885,21.4,36.6
28901,21.4,36.6
28911,21.4,36.6
28924,21.4,36.6
28935,21.4,36.6
28950,21.4,36.7
28966,21.4,36.7
28981,21.4,36.7
28995,21.4,36.7
29005,21.4,36.7
29021,21.4,36.7
29036,21.4,36.7
29047,21.4,36.7
29067,21.4,36.7
29078,21.4,36.7
29088,21.4,36.7
29102,21.4,36.7
29117,21.4,36.7
29133,20.8,36.7
29143,21.4,36.7
29156,21.4,36.7
29169,21.4,36.7
29180,21.4,36.7
29190,21.4,36.7
29201,21.4,36.7
29211,21.4,36.7
29222,21.4,36.7
29235,21.4,36.7
29246,21.4,36.7
29269,21.4,36.7
29282,21.4,36.7
29292,21.4,36.7
29310,21.4,36.7
29326,21.4,36.7
29337,21.4,36.6
29347,21.4,36.7
29358,21.4,36.7
29373,21.4,36.7
29389,21.4,36.7
29404,21.4,36.6
29420,21.4,36.6
29443,21.4,36.6
29456,21.4,36.6
29467,21.4,36.6
29477,21.4,36.6
29488,21.4,36.6
29501,21.4,36.7
29516,21.4,36.7
29527,21.4,36.6
29550,21.4,36.7
29568,21.4,36.7
29594,21.4,36.7
29604,21.4,36.7
29617,21.5,36.7
29628,21.4,36.7
29638,21.4,36.7
29652,21.4,36.7
29662,21.4,36.7
29678,21.4,36.7
29691,21.4,36.7
29706,21.4,36.7
29717,21.4,36.7
29727,21.4,36.7
29743,21.4,36.7
29756,21.4,36.7
29772,21.4,36.7
29782,21.4,36.7
29795,21.2,36.7
29806,21.4,36.7
29819,21.4,36.8
29834,21.4,36.8
29850,21.4,36.8
29865,21.4,36.8
29881,21.4,36.8
29897,21.4,36.8
29907,21.4,36.8
29923,21.4,36.8
29938,21.4,36.8
29949,21.4,36.8
29970,21.4,36.8
29998,21.4,36.8
30011,21.4,36.8
30024,21.4,36.8
30034,21.4,36.8
30050,21.4,36.9
30066,21.4,36.8
30076,21.4,36.8
30087,21.4,36.9
30100,21.4,36.9
30110,21.4,36.9
30121,21.4,36.9
30131,21.4,36.9
30144,21.4,36.9
30155,21.4,36.9
30170,21.4,36.9
30183,21.4,36.9
30194,21.4,36.9
30205,21.4,36.9
30215,21.4,36.9
30226,21.4,36.9
30236,21.4,36.9
30247,21.4,36.9
30257,21.4,36.9
30278,21.4,36.9
30288,21.4,36.9
30301,21.4,36.9
30314,21.4,36.9
30325,21.4,36.9
30351,21.5,37.0
30364,21.5,37.0
30374,21.5,37.0
30402,21.5,37.1
30418,21.5,37.1
30429,21.5,37.1
30442,21.5,37.1
30452,21.5,37.1
30478,21.5,37.1
30488,21.5,37.1
30504,21.5,37.1
30517,21.5,37.1
30530,21.5,37.1
30546,21.5,37.1
30561,21.5,37.1
30577,21.5,37.1
30587,21.5,37.1
30598,21.5,37.1
30611,21.5,37.1
30627,21.5,37.1
30637,21.5,37.1
30650,21.5,37.1
30661,21.5,37.1
30679,21.5,37.1
30702,21.5,37.1
30712,21.5,37.1
30728,21.5,37.1
30744,21.5,37.2
30759,21.5,37.2
30775,21.5,37.2
30785,21.5,37.2
30798,21.5,37.2
30814,21.5,37.2
30824,21.5,37.2
30840,21.5,37.2
30851,21.5,37.2
30864,21.5,37.2
30879,21.5,37.2
30895,21.5,37.2
30910,21.5,37.3
30926,21.5,37.2
30942,21.5,37.3
30952,21.5,37.3
30963,21.5,37.2
30976,21.5,37.2
30986,21.5,37.2
30999,21.5,37.2
31010,21.5,37.2
31023,21.5,37.2
31036,21.5,37.2
31046,21.5,37.2
31059,21.5,37.2
31073,21.5,37.3
31096,21.5,37.4
31106,21.5,37.4
31117,21.5,37.4
31130,21.5,37.4
31153,21.6,37.6
31164,21.5,37.5
31174,21.5,37.4
31185,21.5,37.4
31200,21.5,37.5
31216,21.5,37.4
31226,21.5,37.4
31239,21.5,37.3
31252,21.6,37.4
31265,21.6,37.4
31281,21.6,37.4
31304,21.6,37.5
31320,21.6,37.5
31335,21.6,37.5
31346,21.6,37.5
31356,21.6,37.4
31369,21.6,37.4
31385,21.5,37.3
31401,21.6,37.4
31416,21.6,37.4
31432,21.6,37.4
31455,21.6,37.4
31466,21.6,37.3
31484,21.6,37.4
31499,21.5,37.3
31522,21.6,37.4
31533,21.6,37.4
31546,21.6,37.4
31556,21.6,37.4
31567,21.6,37.4
31583,21.6,37.4
31598,21.6,37.4
31609,21.6,37.4
31622,21.6,37.4
31632,21.6,37.4
31645,21.6,37.4
31656,21.6,37.4
31674,21.6,37.4
31687,21.6,37.4
31703,21.6,37.4
31713,21.6,37.4
31724,21.6,37.4
31734,21.6,37.4
31747,21.6,37.4
31763,21.6,37.4
31773,21.6,37.4
31794,21.6,37.4
31810,21.6,37.4
31830,21.5,37.4
31861,21.6,37.4
31892,21.6,37.4
31907,21.6,37.4
31923,21.6,37.4
31946,21.6,37.5
31957,21.6,37.5
31982,21.6,37.4
31995,21.6,37.4
32006,21.5,37.4
32016,21.6,37.4
32027,21.6,37.5
32037,21.6,37.5
32048,21.6,37.5
32061,21.5,37.4
32072,21.6,37.5
32085,21.6,37.5
32095,21.6,35.9
32108,21.6,37.5
32124,21.6,37.6
32139,21.6,37.6
32150,21.6,37.6
32163,21.6,37.6
32173,21.6,37.6
32202,21.6,37.6
32217,21.6,37.6
32233,21.6,37.6
32248,21.6,37.6
32259,21.6,37.6
32272,21.6,37.6
32288,21.6,37.6
32298,21.6,37.6
32314,21.6,37.6
32329,21.6,37.7
32345,21.6,37.7
32360,21.6,37.7
32371,21.6,37.7
32382,21.6,37.7
32400,21.6,37.6
32415,21.6,37.6
32428,21.6,37.6
32439,21.6,37.6
32457,21.6,37.7
32485,21.6,37.6
32496,21.6,37.6
32506,21.6,37.7
32517,21.6,37.7
32527,21.6,37.7
32543,21.6,37.8
32553,21.6,37.8
32566,21.6,37.8
32590,21.6,37.8
32600,21.6,37.8
32628,21.6,37.8
32644,21.6,37.7
32657,21.6,37.7
32673,21.6,37.8
32693,21.6,37.9
32721,21.6,37.7
32732,21.6,37.7
32743,21.6,37.7
32753,21.6,37.7
32766,21.6,37.6
32779,21.6,37.6
32792,21.6,37.6
32803,21.6,37.6
32826,21.6,37.7
32842,21.6,37.6
32855,21.6,37.7
32868,21.6,37.6
32878,21.6,37.6
32894,21.6,37.7
32907,21.6,37.6
32922,21.6,37.6
32933,21.6,37.6
32946,21.6,37.7
32962,21.6,37.8
32975,21.6,37.9
32985,21.6,37.9
32998,21.6,38.0
33021,21.6,37.8
33037,21.6,37.7
33047,21.6,37.7
33058,21.6,37.7
33071,21.6,37.7
33082,21.7,37.8
33095,21.6,37.8
33110,21.6,37.8
33128,21.6,37.8
33141,21.7,37.8
33152,21.7,37.8
33165,21.6,37.7
33181,21.7,37.8
33191,21.7,37.8
33207,21.7,37.8
33222,21.7,37.8
33235,21.7,37.8
33251,21.6,37.7
33261,21.7,37.8
33292,21.6,37.7
33308,21.6,37.7
33323,21.6,37.7
33334,21.6,37.7
33347,21.6,37.7
33365,21.6,37.7
33376,21.6,37.7
33386,21.7,37.8
33402,21.6,37.7
33415,21.6,37.7
33433,21.6,37.7
33448,21.6,37.8
33464,21.7,37.9
33475,21.7,37.9
33503,21.7,38.1
33513,21.7,38.1
33524,21.7,38.1
33534,21.7,38.1
33550,21.7,38.1
33560,21.7,38.1
33576,21.6,38.0
33589,21.7,38.1
33600,21.7,38.1
33613,21.7,38.1
33623,21.7,38.1
33639,21.7,38.2
33654,21.7,38.1
33670,21.7,38.1
33683,21.7,38.2
33694,21.7,38.2
33704,21.7,38.2
33720,21.7,38.1
33743,21.7,38.0
33763,21.7,38.0
33777,21.7,38.0
33787,21.7,38.0
33800,21.7,37.9
33816,21.7,38.0
33826,21.7,38.0
33839,21.7,38.0
33855,21.7,38.0
33870,21.7,37.9
33886,21.7,37.9
33902,21.7,38.0
33915,21.7,38.0
33925,21.7,38.0
33936,21.7,38.1
33946,21.7,38.1
33964,21.7,38.0
33977,21.7,38.0
33990,21.7,37.9
34009,21.7,37.9
34019,21.7,38.0
34030,21.7,37.9
34040,21.7,38.0
34053,21.7,38.0
34076,21.7,38.0
34100,21.7,37.9
34110,21.7,37.9
34138,21.7,37.9
34154,21.7,37.9
34169,21.7,37.9
34180,21.7,38.0
34203,21.7,38.0
34219,21.7,38.1
34234,21.7,38.1
34253,21.7,38.1
34263,21.7,38.1
34276,21.7,38.1
34287,21.7,38.1
34300,21.7,38.1
34315,21.7,38.1
34331,21.7,38.0
34354,21.7,38.1
34365,21.7,38.1
34375,21.7,38.1
34386,21.7,38.1
34396,21.7,38.1
34407,21.7,38.1
34417,21.7,38.1
34433,21.7,38.0
34448,21.7,38.0
34464,21.7,38.1
34477,21.7,38.1
34490,21.7,38.2
34506,21.7,38.2
34521,21.7,38.3
34532,21.7,38.3
34552,21.7,38.2
34563,21.7,38.2
34573,21.7,38.2
34589,21.7,38.2
34600,21.7,38.2
34613,21.7,38.2
34628,21.7,38.2
34644,21.7,38.2
34667,21.7,38.3
34683,21.7,38.3
34698,21.8,38.3
34714,21.7,38.3
34724,21.7,38.3
34737,21.8,38.3
34755,21.7,38.3
34771,21.8,38.3
34787,21.7,38.3
34802,21.7,38.2
34825,21.8,38.4
34838,21.8,38.4
34856,21.7,38.4
34867,21.8,38.4
34878,21.8,38.4
34888,21.8,38.4
34899,21.8,38.4
34912,21.8,38.4
34922,21.7,38.3
34935,21.8,38.4
34951,21.8,38.4
34969,21.8,38.5
34995,21.7,38.3
35013,21.8,38.4
35028,21.8,38.4
35046,21.8,38.4
35067,21.8,38.4
35078,21.7,38.3
35088,21.8,38.4
35099,21.8,38.3
35114,21.8,38.4
35125,9.0,25.6
35140,21.8,38.4
35158,21.8,38.4
35174,21.8,38.5
35187,21.8,38.4
35198,21.8,38.4
35218,21.8,38.4
35229,21.8,38.4
35242,21.8,38.4
35252,21.8,38.4
35265,21.8,38.4
35276,21.8,38.4
35287,21.8,38.4
35302,21.8,38.4
35313,21.8,38.4
35323,21.8,38.4
35334,21.8,38.5
35349,21.8,38.5
35365,21.8,38.5
35375,21.8,38.5
35388,21.8,38.5
35409,21.8,38.5
35422,21.8,38.5
35438,21.8,38.5
35448,21.8,38.5
35459,21.8,38.5
35469,21.8,38.5
35482,21.8,38.5
35498,21.8,38.5
35524,21.8,38.5
35537,21.8,38.5
35555,21.8,38.5
35570,21.8,38.5
35581,21.8,38.5
35591,21.8,38.5
35602,21.8,38.5
35625,21.8,38.5
35641,21.8,38.5
35664,21.8,38.5
35677,21.8,38.5
35687,21.8,38.5
35698,21.8,38.5
35709,21.8,38.5
35732,21.8,38.6
35747,21.8,38.6
35758,21.8,38.6
35771,21.8,38.6
35781,21.8,38.6
35792,21.8,38.6
35813,21.8,38.6
35823,21.8,38.6
35839,21.8,38.6
35854,21.8,38.5
35885,21.8,38.5
35901,21.8,38.4
35911,21.8,38.4
35922,21.8,38.4
35932,21.8,38.5
35945,21.8,38.6
35958,21.8,38.6
35974,21.8,38.5
35989,21.8,38.5
36005,21.8,38.5
36018,21.8,38.6
36036,21.8,38.6
36047,21.8,38.6
36065,21.8,38.7
36080,21.8,38.6
36091,21.8,38.6
36104,21.8,38.6
36117,21.8,38.6
36128,21.8,38.6
36151,21.8,38.7
36176,21.8,38.6
36187,21.8,38.6
36200,21.8,38.6
36216,21.8,38.6
36239,21.8,38.6
36249,21.8,38.6
36262,21.8,38.7
36273,21.8,38.6
36286,21.8,38.6
36296,21.8,38.6
36310,21.8,38.6
36325,21.8,38.6
36341,21.8,38.6
36356,21.8,38.5
36372,21.8,38.5
36387,21.8,38.5
36398,21.8,38.5
36414,21.8,38.5
36424,21.8,38.5
36437,21.8,38.5
36453,21.8,38.5
36468,21.8,38.5
36484,21.8,38.5
36499,21.8,38.6
36518,21.8,38.6
36531,21.8,38.5
36554,21.8,38.6
36569,21.8,38.6
36585,21.9,38.7
36596,21.8,38.6
36606,21.8,38.6
36617,21.8,38.6
36630,21.9,38.6
36645,21.8,38.6
36661,21.8,38.6
36676,21.8,38.7
36689,21.8,38.7
36700,21.8,38.7
36710,21.8,38.7
36721,21.9,38.7
36734,21.8,38.7
36752,21.9,38.8
36763,21.8,38.7
36776,21.9,38.8
36791,21.8,38.8
36804,21.8,38.8
36817,21.8,38.8
36828,21.8,38.7
36841,21.8,38.8
36852,21.8,38.8
36865,21.8,38.7
36880,21.8,38.8
36891,21.8,38.7
36906,21.8,38.7
36927,21.9,38.8
36937,21.9,38.9
36948,21.8,38.7
36959,21.9,38.9
36972,21.8,38.8
36995,21.8,38.7
37013,21.8,38.7
37026,21.9,38.9
37036,21.9,38.9
37052,21.8,38.8
37063,21.8,38.8
37076,21.9,38.8
37091,21.8,38.7
37102,21.8,38.7
37112,21.9,38.8
37125,21.9,38.9
37136,21.9,38.9
37149,21.9,38.9
37159,21.8,38.8
37170,21.9,38.9
37181,21.9,38.8
37191,21.8,38.7
37204,21.9,38.8
37227,21.9,38.9
37243,21.9,38.9
37258,21.9,38.9
37269,21.9,38.9
37285,21.9,38.8
37308,21.9,38.8
37318,21.9,38.8
37334,21.9,38.8
37347,21.9,38.9
37357,21.9,38.9
37368,21.9,39.0
37378,21.9,39.0
37394,21.9,39.0
37405,21.9,39.0
37428,21.9,39.0
37441,21.9,39.0
37459,21.9,39.0
37474,21.9,39.0
37485,21.9,39.0
37496,21.9,39.0
37509,21.9,39.0
37529,21.9,39.0
37545,21.9,39.0
37558,21.9,39.0
37573,21.9,38.9
37592,21.9,38.9
37617,21.9,39.0
37633,21.9,38.9
37648,21.9,38.9
37664,21.9,38.9
37675,21.9,38.9
37688,21.9,39.0
37701,21.9,39.0
37711,21.9,38.9
37724,21.9,39.0
37735,21.9,38.9
37748,21.9,39.0
37758,21.9,39.0
37771,21.9,38.9
37800,21.9,39.0
37815,21.9,39.0
37826,21.9,39.0
37836,21.9,39.0
37862,21.9,39.0
37893,21.9,38.9
37903,21.9,38.9
37916,21.9,38.9
37927,21.9,38.9
37937,21.9,38.9
37956,21.9,38.9
37979,21.9,38.8
37989,21.9,38.8
38000,21.9,38.9
38028,21.9,38.9
38039,21.9,38.9
38054,21.9,38.9
38065,21.9,38.9
38078,21.9,38.9
38093,21.9,38.9
38109,21.9,38.9
38119,21.9,38.9
38130,21.9,38.9
38148,21.9,38.9
38159,21.9,38.9
38172,21.9,38.9
38192,15.5,38.9
38205,21.9,38.9
38216,21.9,38.9
38226,21.9,38.9
38237,21.9,38.9
38247,21.9,38.9
38258,21.9,38.8
38276,21.9,38.9
38287,21.9,38.9
38297,21.9,38.9
38310,21.9,38.8
38321,21.9,38.8
38334,21.9,38.8
38354,21.9,38.8
38367,21.9,38.8
38378,21.9,38.8
38388,22.0,38.9
38404,21.9,38.7
38420,21.9,38.7
38430,21.9,38.7
38451,22.0,38.8
38474,21.9,38.7
38490,22.0,38.8
38505,22.0,38.8
38521,22.0,38.8
38534,22.0,39.0
38552,22.0,39.0
38562,22.0,39.0
38578,22.0,38.9
38589,22.0,38.9
38602,22.0,39.0
38617,22.0,39.0
38633,22.0,39.0
38648,22.0,39.0
38666,22.0,39.0
38677,22.0,39.0
38690,22.0,39.0
38718,22.0,39.1
38734,22.0,39.1
38747,22.0,39.2
38762,22.0,39.1
38776,22.0,39.0
38786,22.0,39.0
38802,22.0,39.0
38815,22.0,39.0
38830,22.0,39.0
38843,22.0,39.0
38854,22.0,39.0
38864,22.0,38.9
38875,22.0,38.9
38886,22.0,38.9
38896,22.0,38.9
38909,22.0,38.8
38920,22.0,38.8
38930,22.0,38.8
38946,22.0,38.7
38956,22.0,38.7
38967,22.0,38.7
38982,22.0,38.7
38995,22.0,38.7
39011,22.0,38.7
39027,22.0,38.7
39037,22.0,38.7
39058,22.0,38.7
39076,22.0,38.7
39089,22.0,38.7
39102,22.0,38.7
39113,22.0,38.7
39123,22.0,38.7
39144,22.0,38.8
39174,22.0,38.7
39185,22.0,38.8
39206,22.0,38.8
39224,22.0,38.7
39244,22.0,38.8
39255,22.0,38.8
39276,22.0,38.7
39289,22.0,38.6
39307,22.1,38.5
39322,22.0,38.4
39343,22.0,38.4
39353,22.0,38.4
39369,22.0,38.4
39385,22.0,38.4
39395,22.0,38.4
39408,22.0,38.4
39424,22.1,38.5
39439,22.0,38.4
39450,22.0,38.4
39460,22.0,38.4
39476,22.0,38.4
39487,22.0,38.4
39500,22.1,38.5
39518,22.0,38.3
39531,22.1,38.5
39541,22.0,38.4
39554,22.0,38.4
39567,22.1,38.5
39578,22.0,38.4
39588,22.1,38.5
39604,22.0,38.4
39620,22.0,38.4
39633,22.0,38.4
39648,22.0,38.5
39659,22.0,38.5
39674,22.0,38.5
39690,22.0,38.4
39706,22.1,38.5
39721,22.1,38.4
39732,22.1,38.4
39747,22.1,38.4
39758,22.1,38.4
39776,22.1,38.5
39786,22.1,38.5
39810,22.1,38.5
39833,22.1,38.5
39848,22.1,38.5
39859,22.1,38.5
39872,22.1,38.5
39882,22.1,38.5
39893,22.1,38.6
39903,22.1,38.6
39917,22.1,38.6
39932,22.1,38.5
39948,22.1,38.6
39961,22.1,38.6
39971,22.1,38.6
39987,22.1,38.5
40002,22.1,38.5
40018,22.1,38.5
40034,22.1,38.5
40049,22.1,38.5
40060,22.1,38.5
40073,22.1,38.6
40083,22.1,38.6
40094,22.1,38.7
40107,22.1,38.6
40122,22.1,38.6
40133,22.1,38.6
40154,22.1,38.7
40169,22.1,38.6
40185,22.1,38.5
40198,22.1,38.5
40208,22.1,38.5
40219,22.1,38.5
40229,22.1,38.5
40242,22.1,38.5
40258,22.1,38.5
40274,22.1,38.6
40289,22.1,38.6
40312,22.1,38.6
40328,22.1,38.5
40344,22.1,38.6
40354,22.1,38.6
40365,22.1,38.6
40375,22.1,38.6
40388,22.1,38.6
40401,22.1,38.6
40412,22.1,38.6
40430,22.1,38.6
40443,22.1,38.6
40453,22.1,38.6
40469,22.1,38.8
40480,22.1,38.7
40490,22.1,38.6
40501,22.1,38.6
40514,22.1,38.6
40524,22.1,38.6
40537,22.1,38.6
40553,22.1,38.6
40568,22.1,38.7
40579,22.1,38.7
40592,22.1,38.8
40608,22.1,38.8
40618,22.1,38.8
40629,22.1,38.7
40639,22.1,38.6
40652,22.1,38.6
40665,22.1,38.7
40678,22.1,38.7
40689,22.1,38.7
40712,22.1,38.7
40728,22.1,38.7
40741,22.1,38.7
40756,22.1,38.7
40772,22.1,39.2
40787,22.1,39.3
40801,22.1,39.2
40811,22.1,39.2
40827,22.1,39.3
40840,22.1,39.3
40850,22.1,39.3
40861,22.1,39.3
40876,22.1,39.3
40887,22.1,39.3
40897,22.1,39.3
40908,22.2,39.3
40923,22.1,39.0
40934,22.2,39.1
40947,22.1,38.9
40958,22.1,38.9
40978,22.1,39.3
40989,22.1,39.3
41002,22.2,39.5
41025,22.2,39.5
41041,22.2,39.3
41064,22.2,39.2
41079,22.2,39.3
41097,22.2,39.1
41108,22.2,39.1
41121,22.2,38.7
41132,22.2,38.7
41147,22.2,39.0
41168,22.2,39.0
41181,22.2,39.1
41196,22.2,39.1
41212,22.2,39.0
41225,15.8,39.0
41243,22.2,39.0
41259,22.2,38.9
41274,22.2,38.5
41287,22.2,38.4
41300,22.2,38.3
41319,22.2,38.3
41329,22.2,38.4
41340,22.2,38.5
41355,22.2,38.6
41366,22.2,38.5
41379,22.2,38.4
41389,22.2,38.5
41405,22.2,38.8
41420,22.2,38.9
41439,22.2,39.0
41452,22.2,39.0
41462,22.2,39.0
41475,22.2,39.0
41491,22.2,39.0
41506,22.2,39.0
41517,22.2,39.0
41532,22.2,38.9
41546,22.2,39.0
41574,22.2,39.1
41589,22.2,39.2
41602,22.2,39.1
41613,22.2,39.2
41629,22.2,39.1
41644,22.2,39.1
41660,22.2,39.1
41678,22.2,39.1
41693,22.2,39.1
41704,22.2,39.1
41714,22.2,39.0
41727,22.2,39.0
41738,22.2,39.0
41749,22.2,39.0
41759,22.2,39.0
41770,22.2,39.0
41780,22.2,39.0
41796,22.2,39.0
41806,22.2,39.0
41817,22.2,39.0
41827,22.2,39.1
41850,22.2,39.1
41864,22.2,39.1
41889,22.2,39.0
41900,22.2,39.0
41923,22.2,38.9
41939,22.2,38.9
41954,22.2,38.9
41967,22.2,38.9
41985,22.2,39.0
41996,22.2,39.0
42006,22.2,39.0
42017,22.2,39.0
42040,22.2,39.0
42051,22.2,39.0
42071,22.2,39.1
42087,22.2,39.1
42100,22.2,39.1
42120,22.2,39.1
42134,22.2,39.1
42144,22.2,39.1
42155,22.2,39.1
42170,22.2,39.0
42193,22.2,39.0
42211,22.2,39.0
42222,22.2,39.0
42245,22.2,39.1
42261,22.2,39.1
42281,22.2,39.1
42297,22.2,39.1
42309,22.2,39.1
42319,22.2,39.1
42332,22.2,39.0
42343,22.2,39.0
42354,22.2,39.0
42369,22.2,39.0
42385,22.2,39.0
42408,22.2,39.0
42429,22.2,39.1
42447,22.2,39.1
42462,22.2,39.0
42478,22.2,39.0
42493,22.2,39.0
42504,22.2,39.0
42517,22.2,39.0
42530,22.2,39.0
42541,22.2,39.0
42554,22.2,39.0
42569,22.2,39.0
42587,22.2,39.0
42598,22.2,39.0
42611,22.2,39.0
42626,22.2,39.0
42637,22.2,39.0
42650,22.2,39.0
42661,22.2,39.0
42676,22.2,39.0
42687,9.4,26.2
42700,22.2,39.1
42710,22.2,39.0
42728,22.2,39.0
42741,22.2,39.0
42757,22.2,39.0
42773,22.2,39.0
42788,22.2,39.0
42811,22.2,38.9
42827,22.2,38.9
42843,22.2,38.9
42856,22.2,38.9
42866,22.2,38.9
42882,22.2,38.9
42892,22.2,38.9
42913,22.2,39.0
42928,22.2,39.0
42942,22.2,39.0
42952,22.2,39.0
42965,22.2,39.0
42976,22.2,39.0
42989,22.2,39.0
43004,22.2,38.9
43027,22.2,38.9
43040,22.2,38.9
43061,22.2,38.9
43074,22.2,39.0
43085,22.2,39.0
43098,22.2,39.0
43108,22.2,39.0
43126,22.2,39.0
43137,22.2,39.0
43153,22.2,38.9
43163,22.2,38.9
43179,22.2,38.9
43189,22.2,38.9
43202,22.2,39.0
43213,22.2,39.0
43223,22.2,39.0
43234,22.2,39.1
43249,22.2,39.2
43260,22.2,39.2
43281,22.2,39.2
43291,22.2,39.2
43319,22.2,39.2
43335,22.2,39.2
43350,22.2,39.2
43364,22.2,39.2
43374,22.2,39.2
43390,22.2,39.0
43400,22.2,39.0
43411,22.2,39.0
43431,22.2,39.0
43447,22.2,38.9
43463,22.2,39.0
43473,22.2,39.0
43486,22.2,39.1
43497,22.2,39.2
43510,22.2,39.1
43523,22.2,39.1
43533,22.2,39.1
43551,22.2,39.1
43562,22.2,39.2
43575,22.2,39.3
43588,22.2,39.3
43604,22.2,39.3
43614,22.2,39.3
43627,22.2,39.1
43648,22.2,39.0
43666,22.2,39.0
43676,22.2,39.0
43695,22.2,13.6
43705,22.2,39.3
43726,22.2,39.2
43739,22.2,39.1
43754,22.2,39.1
43767,22.2,39.1
43780,22.2,39.0
43791,22.2,39.0
43807,22.2,39.0
43822,22.2,39.1
43833,22.2,39.1
43843,22.2,39.1
43856,22.2,39.0
43867,22.2,39.0
43882,22.2,38.9
43898,22.2,39.1
43909,22.2,39.1
43919,22.2,39.2
43930,22.2,39.3
43943,22.2,39.1
43953,22.2,39.1
43966,22.2,39.1
43992,22.2,39.0
44002,22.2,39.0
44021,22.2,39.0
44031,22.2,39.0
44042,22.2,39.0
44060,22.3,39.1
44073,22.2,39.1
44096,22.2,39.2
44124,3.0,26.3
44135,22.2,39.0
44145,22.2,39.0
44158,22.3,39.2
44171,22.2,39.1
44182,22.2,39.1
44197,22.2,39.0
44208,22.2,39.0
44221,22.2,39.0
44232,22.2,39.0
44245,22.2,39.0
44255,22.2,39.0
44268,22.3,39.1
44284,22.3,39.0
44299,22.3,39.0
44310,22.2,38.9
44320,22.3,39.0
44341,22.3,39.1
44352,22.2,39.0
44367,22.3,39.1
44378,22.3,39.1
44398,22.3,39.1
44409,22.3,39.1
44419,22.3,39.2
44445,22.3,39.3
44456,22.3,39.3
44466,22.3,39.3
44482,22.3,39.1
44492,22.3,39.1
44505,22.3,39.1
44521,22.3,39.1
44539,22.3,39.1
44550,22.3,39.1
44560,22.3,39.1
44571,22.3,39.1
44584,22.3,39.2
44607,22.3,39.2
44620,22.3,39.2
44648,22.3,39.1
44659,22.3,39.1
44672,22.3,39.1
44682,22.3,39.1
44695,22.3,39.1
44706,22.3,39.1
44729,22.3,39.1
44740,22.3,39.1
44753,22.3,39.1
44768,22.3,39.1
44779,22.3,39.1
44792,22.3,39.1
44810,22.3,39.0
44823,22.3,39.0
44836,22.3,39.1
44847,22.3,39.1
44862,22.3,39.3
44873,22.3,39.3
44883,9.5,26.6
44894,22.3,39.4
44907,22.3,39.4
44925,22.3,39.4
44951,22.2,39.2
44969,22.3,39.3
44982,22.3,39.2
44995,22.3,39.2
45013,22.3,39.2
45023,22.3,39.2
45036,22.3,39.2
45047,22.3,39.2
45058,22.3,39.2
45068,22.3,39.2
45091,22.3,39.1
45102,22.3,39.1
45115,22.3,39.1
45130,22.3,39.1
45143,22.3,39.2
45156,22.3,39.2
45172,22.3,39.3
45190,22.3,39.3
45203,22.3,39.3
45219,22.3,39.3
45229,22.3,39.4
45242,22.3,39.4
45253,22.3,39.4
45263,22.3,39.4
45277,22.3,39.3
45292,22.3,39.3
45303,22.3,39.2
45316,22.3,39.2
45326,22.3,39.2
45337,22.3,39.2
45352,22.3,39.2
45386,22.3,39.2
45401,22.3,39.3
45412,22.3,39.3
45422,22.3,39.4
45433,22.3,39.4
45443,22.3,39.4
45456,22.3,39.4
45472,22.3,39.3
45482,22.3,39.3
45493,22.3,39.3
45504,22.3,39.2
45524,22.3,39.2
45540,22.3,39.2
45560,22.3,39.2
45576,22.3,39.2
45592,22.3,39.2
45607,22.4,39.4
45618,22.3,39.3
45628,22.3,39.3
45641,22.4,39.4
45657,22.3,39.4
45675,22.3,39.5
45685,22.4,39.6
45696,22.4,39.6
45707,22.3,39.6
45720,22.4,39.7
45735,22.4,39.6
45751,22.4,39.6
45761,22.4,39.5
45772,22.4,39.5
45785,22.4,39.5
45798,22.4,39.6
45813,22.4,39.6
45829,22.4,39.9
45845,22.4,40.3
45855,22.4,40.4
45871,22.4,41.0
45881,22.4,41.0
45899,22.4,41.2
45920,22.3,40.9
45936,22.3,40.7
45954,22.4,40.7
45964,22.4,40.7
45975,22.4,41.0
45988,22.4,41.6
45998,22.4,41.6
46014,22.4,41.6
46027,22.4,41.4
46040,22.4,41.3
46051,22.4,41.4
46064,22.4,41.3
46077,22.4,41.3
46087,22.4,41.3
46100,22.4,41.4
46111,22.4,41.3
46124,22.4,41.0
46134,22.4,41.0
46148,22.3,41.5
46158,22.3,41.6
46169,22.3,41.7
46182,22.3,41.7
46195,22.4,41.8
46218,22.4,41.7
46233,22.4,41.6
46249,22.4,41.7
46265,22.4,41.6
46275,22.4,41.6
46286,22.4,41.8
46299,22.4,42.0
46309,22.4,42.0
46322,0.0,38.5
46333,22.4,41.6
46346,22.4,41.6
46356,22.4,41.6
46367,22.4,41.5
46382,22.4,41.6
46403,6.5,41.6
46421,22.5,41.6
46437,22.5,41.6
46447,22.5,41.6
46460,22.5,41.7
46471,0.1,38.5
46484,22.5,41.7
46497,22.5,41.6
46508,22.5,41.6
46521,22.5,41.6
46531,22.5,41.6
46542,22.5,41.6
46552,22.5,41.6
46563,22.5,41.6
46573,22.5,41.6
46584,22.5,41.7
46597,22.5,41.7
46610,22.5,41.7
46625,22.5,41.8
46644,22.5,41.7
46654,22.5,41.7
46665,22.5,41.7
46690,22.5,41.7
46701,22.5,41.7
46714,22.5,41.8
46724,22.5,41.8
46735,22.5,41.8
46748,22.5,41.8
46766,22.5,41.6
46779,22.5,41.5
46792,22.5,41.6
46803,22.5,41.6
46813,22.5,41.6
46824,22.5,41.6
46837,22.6,41.7
46848,22.5,41.6
46861,22.5,41.6
46874,22.5,41.6
46884,22.5,41.6
46897,22.5,41.6
46910,22.5,41.6
46926,22.5,41.3
46957,22.5,41.2
46995,22.6,41.1
47008,3.3,28.2
47034,22.5,41.1
47047,22.6,41.2
47060,22.6,41.3
47083,22.6,41.3
47099,22.6,41.2
47109,22.6,41.2
47125,22.6,41.3
47143,22.6,41.4
47156,22.6,41.5
47166,22.6,41.5
47185,22.5,41.5
47203,22.5,41.5
47216,22.6,41.6
47226,22.6,41.6
47239,22.6,41.7
47255,22.6,41.6
47265,22.6,41.6
47281,22.4,41.5
47307,22.6,41.5
47320,22.6,41.3
47330,22.6,41.3
47353,22.6,41.2
47384,22.6,41.2
47397,22.6,41.1
47410,22.6,41.0
47421,22.6,41.1
47431,22.6,41.2
47444,22.6,41.3
47455,22.6,41.3
47465,22.6,41.4
47476,22.6,41.4
47489,22.6,41.2
47500,22.6,41.2
47517,22.6,41.3
47531,22.6,41.3
47544,22.6,41.3
47557,22.6,41.2
47568,22.6,41.3
47584,22.6,41.3
47599,22.6,41.3
47610,22.6,41.3
47620,22.6,41.2
47633,22.6,41.2
47646,22.6,41.2
47659,22.6,41.2
47670,22.6,41.2
47680,22.6,41.3
47691,22.6,41.4
47714,22.6,41.3
47725,22.6,41.3
47735,22.6,15.6
47748,22.6,41.4
47759,22.6,41.4
47779,22.6,41.7
47790,22.6,41.6
47806,22.6,41.6
47824,22.6,41.4
47842,22.6,41.3
47852,22.6,41.4
47878,22.6,41.3
47894,22.7,41.4
47905,22.6,41.3
47933,22.7,41.3
47959,22.7,41.5
47972,22.7,41.5
47983,22.6,41.4
48006,22.7,41.5
48017,22.7,41.5
48032,22.7,41.3
48043,22.7,41.3
48053,22.7,41.2
48064,22.7,41.2
48074,22.7,41.2
48087,22.7,41.2
48100,22.7,41.1
48111,22.7,41.1
48124,22.7,41.2
48142,22.7,41.2
48158,22.7,41.2
48189,22.7,41.0
48202,22.7,41.0
48212,22.6,40.9
48223,22.7,41.0
48236,22.7,40.8
48252,22.7,41.2
48489,22.7,41.6
48876,22.7,42.1
49033,22.9,41.6
49046,22.9,41.5
49056,22.9,41.6
49067,22.9,41.4
49078,22.9,41.4
49088,22.9,41.3
49099,22.9,41.4
49112,22.9,41.4
49125,22.9,41.4
49135,22.9,41.4
49146,22.9,41.5
49159,22.9,41.3
49169,22.9,41.3
49185,22.9,41.3
49195,22.9,41.3
49209,22.9,41.2
49219,22.9,41.2
49232,23.0,41.3
49245,23.0,41.2
49258,23.0,41.3
49269,23.0,41.2
49279,23.0,41.2
49290,23.0,41.2
49300,23.0,41.2
49311,23.0,41.2
49321,23.0,41.1
49332,23.0,41.2
49345,23.0,41.1
49356,23.0,41.1
49366,23.0,41.0
49377,23.0,41.0
49390,23.0,41.0
49403,23.1,41.1
49413,23.0,41.0
49424,23.1,41.1
49434,23.1,41.0
49445,23.1,40.9
49455,23.1,40.9
49466,23.1,40.9
49476,23.1,41.0
49487,23.1,40.9
49497,23.1,40.9
49508,23.1,40.9
49519,23.1,40.8
49529,23.1,40.7
49540,23.1,40.7
49550,23.1,40.7
49563,23.1,40.6
49576,23.1,40.6
49587,23.1,40.6
49597,23.1,40.6
49610,23.1,40.6
49626,23.1,40.6
49636,23.1,40.6
49650,23.2,40.7
49660,23.2,40.6
49686,23.1,40.7
49696,23.2,40.8
49724,23.2,40.6
49735,23.2,40.5
49746,23.2,40.6
49761,23.2,40.6
49772,23.2,40.6
49785,23.2,40.6
49800,23.2,40.6
49813,23.2,40.6
49827,23.2,40.6
49837,23.2,40.6
49848,23.2,40.6
49858,23.2,40.6
49869,23.2,40.7
49882,23.2,40.6
49892,23.2,40.6
49903,23.2,40.7
49916,23.2,40.7
49929,23.1,40.6
49947,23.1,40.7
49958,23.1,40.7
49971,23.1,40.6
49981,23.1,40.5
49992,23.1,40.5
50002,23.1,40.5
50013,23.1,40.7
50023,23.1,40.7
50034,23.1,40.6
50044,23.1,40.5
50055,23.1,40.5
50065,23.1,40.5
50076,23.1,40.5
50086,23.1,40.5
50097,23.1,40.5
50110,23.1,40.4
50121,23.1,40.4
50136,23.1,40.5
50147,23.1,40.5
50165,23.1,40.6
50175,23.1,40.6
50188,23.1,40.7
50199,23.1,40.7
50209,23.1,40.6
50220,23.1,40.6
50230,23.1,40.6
50241,23.1,40.5
50252,23.1,40.6
50262,23.1,40.7
50273,23.1,40.7
50283,23.1,40.7
50294,23.1,40.6
50304,23.1,40.6
50317,23.1,40.6
50328,23.1,40.6
50338,23.1,40.6
50351,23.1,40.7
50362,23.1,40.7
50372,23.1,40.7
50388,23.1,40.7
50399,23.1,40.7
50409,23.1,40.7
50420,23.1,40.7
50430,23.1,40.8
50441,23.1,40.8
50451,23.1,40.8
50464,23.1,40.6
50477,23.1,40.5
50493,23.1,40.5
50506,23.1,40.7
50516,23.1,40.8
50527,23.1,40.8
50543,23.1,40.9
50553,23.1,40.9
50564,23.1,40.8
50577,23.1,40.7
50590,23.1,40.6
50600,23.1,40.6
50611,23.1,40.5
50626,23.1,40.8
50637,23.1,40.8
50647,23.1,40.7
50658,23.1,40.7
50669,23.1,40.8
50679,23.1,40.7
50690,23.1,40.7
50700,23.1,40.7
50711,23.1,40.7
50724,23.0,40.4
50734,23.1,40.5
50747,23.1,40.6
50758,23.0,40.5
50768,23.1,40.6
50779,23.1,40.6
50789,23.1,40.5
50800,23.1,40.5
50810,23.1,40.5
50824,23.1,40.6
50834,23.0,40.6
50845,23.0,40.6
50858,23.1,40.6
50868,23.0,40.5
50879,23.0,40.6
50889,23.0,40.6
50900,23.0,40.7
50910,23.1,40.8
50921,23.1,40.8
50931,23.1,40.8
50942,23.0,40.7
50952,23.0,40.7
50963,23.0,40.8
50973,23.0,40.8
50984,23.0,40.8
50995,23.0,40.9
51008,23.1,41.0
51018,23.0,40.9
51029,23.0,40.9
51042,23.1,41.0
51052,23.1,41.0
51063,23.1,41.0
51073,23.1,40.9
51084,23.1,40.9
51094,23.1,40.8
51105,23.0,40.7
51118,23.1,40.6
51131,23.0,40.5
51147,23.0,40.6
51160,23.1,40.6
51170,23.0,40.5
51183,23.0,40.8
51196,23.0,40.7
51207,23.1,40.7
51220,23.1,40.7
51233,23.1,40.8
51243,23.1,40.8
51262,23.1,40.7
51277,23.0,40.5
51288,23.0,40.6
51306,23.0,40.3
51321,23.1,40.3
51337,23.1,40.4
51350,23.1,40.4
51361,23.1,40.4
51371,23.1,40.5
51382,23.1,40.5
51395,23.1,40.6
51408,23.1,40.5
51418,23.1,40.6
51429,23.1,40.6
51439,23.1,40.7
51450,23.1,40.5
51460,23.1,40.5
51471,23.0,40.4
51484,23.1,40.5
51495,23.1,40.5
51505,23.0,40.4
51521,23.0,40.2
51534,23.1,40.3
51544,23.0,40.3
51555,23.0,40.3
51568,23.0,40.3
51578,23.0,40.3
51589,23.1,40.4
51599,23.0,40.3
51612,23.0,40.5
51626,23.0,40.3
51636,23.1,40.4
51647,23.1,40.3
51662,23.0,40.3
51673,23.0,40.3
51683,23.0,40.4
51694,23.0,40.5
51704,23.1,40.6
51715,23.1,40.5
51725,23.1,40.5
51741,23.0,40.4
51757,23.0,40.4
51767,23.1,40.5
51780,23.1,40.5
51791,23.1,40.5
51804,23.1,40.5
51814,23.0,40.5
51827,23.1,40.6
51838,23.1,40.6
51848,23.1,40.6
51861,23.1,40.7
51874,23.1,40.6
51885,23.1,40.6
51898,23.1,40.6
51909,23.1,40.5
51924,23.1,40.6
51935,23.1,40.6
51945,23.1,40.8
51956,23.1,40.9
51966,23.1,40.8
51977,23.1,40.9
51992,23.1,40.9
52003,23.1,40.9
52016,23.1,40.6
52027,23.1,40.6
52042,23.1,40.6
52053,23.1,40.6
52063,23.1,40.6
52074,23.1,40.6
52084,23.1,40.6
52095,23.1,40.7
52105,23.1,40.7
52116,23.1,40.6
52129,23.1,40.5
52139,23.1,40.5
52150,23.1,40.5
52166,23.1,40.5
52176,23.1,40.5
52187,23.1,40.4
52197,23.1,40.4
52208,23.1,40.5
52218,23.1,40.5
52229,23.1,40.6
52239,23.1,40.6
52252,23.1,40.6
52265,23.1,40.5
52276,23.1,40.5
52286,23.1,40.4
52297,23.1,40.4
52313,23.1,40.4
52323,23.1,40.4
52336,23.1,40.5
52347,23.1,40.5
52357,23.1,40.5
52368,23.1,40.6
52378,23.1,40.7
52389,23.1,40.6
52399,23.1,40.5
52410,23.1,40.4
52420,23.1,40.3
52431,23.1,40.3
52441,23.1,40.4
52452,23.1,40.4
52468,23.1,40.5
52478,23.1,40.5
52494,23.1,40.5
52504,23.1,40.5
52515,23.1,40.4
52525,23.1,40.3
52538,23.1,40.3
52549,23.1,40.2
52564,23.1,40.2
52575,23.1,40.2
52585,23.1,40.2
52596,23.1,40.4
52606,23.1,40.3
52622,23.1,40.4
52635,23.1,40.4
52646,23.1,40.4
52656,23.1,40.5
52667,23.1,40.5
52680,23.1,40.7
52690,23.1,40.7
52708,23.1,40.7
52724,23.1,40.5
52735,23.1,40.5
52745,23.2,40.6
52758,23.1,40.5
52769,23.1,40.3
52779,23.2,40.4
52790,23.1,40.3
52800,23.2,40.4
52813,23.2,40.4
52824,23.2,40.5
52837,23.2,40.5
52847,23.1,40.4
52858,23.2,40.5
52868,23.2,40.4
52879,23.2,40.4
52890,23.1,40.4
52903,23.2,40.6
52916,23.2,40.6
52926,23.2,40.6
52947,23.2,40.7
52957,23.2,40.7
52968,23.2,40.6
52978,23.2,40.5
52989,23.2,40.7
52999,23.2,40.7
53010,23.2,40.6
53021,23.2,40.6
53031,23.2,40.6
53042,23.2,40.5
53052,23.2,40.7
53065,23.2,40.8
53076,23.2,40.9
53089,23.2,40.8
53099,23.2,40.8
53110,23.2,40.6
53123,23.2,40.7
53134,23.2,40.8
53144,23.2,40.8
53160,23.2,40.7
53170,23.2,40.7
53181,23.2,40.7
53191,23.2,40.7
53202,23.2,40.8
53212,23.2,40.8
53223,23.2,40.8
53233,23.2,40.8
53244,23.2,40.8
53254,23.2,40.8
53265,23.2,40.8
53275,23.2,40.8
53286,23.2,40.8
53297,23.2,40.8
53307,23.2,40.7
53318,23.2,40.7
53331,23.2,40.5
53341,23.2,40.4
53352,23.2,40.5
53362,23.2,40.5
53373,23.2,40.7
53386,23.2,40.6
53396,23.2,40.6
53409,23.2,40.5
53420,23.2,40.4
53430,23.2,40.4
53444,23.2,40.5
53464,23.2,40.7
53475,23.2,40.8
53485,23.2,40.8
53496,23.2,40.9
53506,23.2,41.0
53517,23.2,41.0
53527,23.2,41.0
53538,23.2,40.8
53548,23.2,40.7
53559,23.2,40.6
53569,23.2,40.8
53580,23.2,40.7
53596,23.2,40.8
53606,23.2,40.8
53617,23.2,40.9
53627,23.2,40.9
53638,23.2,40.9
53651,23.2,40.8
53661,23.2,40.8
53677,23.2,40.7
53687,23.2,40.7
53700,23.2,40.7
53716,23.2,40.8
53729,23.2,40.7
53745,23.2,40.6
53755,23.2,40.6
53778,23.2,40.5
53791,23.2,40.5
53807,23.2,40.5
53823,23.2,40.6
53833,23.2,40.6
53849,23.2,40.6
53864,23.2,40.4
53882,23.2,40.4
53901,23.2,40.5
53914,23.2,40.6
53927,23.2,40.5
53950,23.2,40.4
53965,23.3,40.5
53976,23.2,40.5
54002,23.3,40.5
54020,23.2,40.4
54035,23.2,40.4
54051,23.2,40.4
54067,23.3,40.7
54077,23.3,40.7
54098,23.3,40.9
54108,23.2,40.8
54129,23.2,40.6
54142,23.2,40.8
54152,23.3,40.9
54163,23.3,40.9
54179,23.3,40.9
54189,23.3,40.9
54202,23.3,40.7
54213,23.2,40.6
54223,23.3,40.8
54234,23.3,40.8
54244,23.3,40.8
54265,23.2,40.7
54278,23.3,40.7
54296,23.3,40.6
54307,23.3,40.7
54320,23.3,40.8
54353,23.3,40.8
54369,23.3,41.0
54379,23.3,41.0
54395,23.3,40.8
54410,23.3,41.0
54421,23.3,41.0
54431,23.3,41.1
54452,23.3,41.0
54462,23.3,41.0
54486,23.3,41.0
54501,10.5,28.3
54532,23.3,41.1
54545,23.3,41.1
54563,23.3,41.0
54574,23.3,40.9
54594,23.3,40.9
54610,23.3,40.8
54636,23.3,40.8
54646,23.3,40.8
54657,23.3,40.7
54670,23.3,40.8
54680,23.3,40.8
54746,23.3,40.7
54762,23.3,40.9
54777,23.3,40.9
54796,23.3,40.8
54811,23.3,40.8
54822,23.3,40.8
54832,23.3,41.1
54843,23.3,40.9
54853,23.3,40.7
54871,23.3,40.9
54882,23.3,40.9
54892,23.3,40.9
54903,23.3,40.9
54916,23.3,40.9
54927,23.3,40.8
54942,23.3,40.9
54953,23.3,40.9
54963,23.3,41.0
54981,23.3,41.0
54994,23.3,40.9
55005,23.3,40.9
55015,23.3,40.9
55026,23.3,40.9
55039,23.3,40.9
55055,23.3,40.9
55073,23.3,40.9
55096,23.3,40.9
55106,23.3,40.9
55127,23.3,40.9
55143,23.3,40.9
55161,23.3,40.9
55176,23.3,40.9
55187,23.3,40.9
55197,23.3,40.9
55208,23.3,40.9
55226,23.3,41.0
55237,23.3,41.0
55247,23.3,41.0
55258,23.3,41.0
55273,23.3,40.9
55284,23.3,40.9
55307,23.3,40.9
55323,23.3,40.9
55353,23.3,41.1
55366,23.3,41.0
55400,23.3,41.1
55410,23.3,41.1
55423,23.3,41.0
55434,23.3,41.0
55444,23.3,41.0
55455,23.3,41.0
55468,23.3,41.0
55479,23.3,40.9
55489,23.3,40.9
55500,23.3,40.9
55513,23.3,40.9
55526,23.3,41.0
55536,23.3,41.0
55549,23.3,41.1
55560,23.2,41.0
55573,23.3,41.2
55583,23.2,41.2
55594,23.3,41.2
55604,23.3,41.2
55623,23.2,41.0
55633,23.2,41.0
55644,23.3,41.1
55654,23.2,41.0
55665,23.3,41.0
55678,23.2,40.8
55691,23.3,40.9
55701,23.2,40.9
55712,23.6,73.4
55722,24.3,78.8
55733,25.9,83.8
55746,26.6,74.5
55757,26.7,67.5
55767,26.7,50.2
55783,26.3,41.6
55796,26.1,40.9
55809,25.9,41.9
55819,25.8,41.4
55832,25.5,41.5
55843,25.4,41.4
55856,25.2,41.5
55869,25.0,41.5
55885,24.9,41.7
55898,24.8,41.8
55908,24.8,41.8
55919,24.7,41.9
55929,24.6,42.0
55940,24.6,42.2
55953,24.4,42.2
55963,24.4,42.2
55974,24.4,42.3
55984,24.3,42.4
56003,24.2,42.5
56013,24.2,42.6
56036,25.4,79.8
56052,26.2,57.1
56065,26.3,46.6
56075,26.2,43.3
56086,26.0,42.2
56101,25.8,41.7
56112,25.7,41.6
56123,25.5,41.6
56133,25.4,41.7
56144,25.3,41.7
56159,25.1,45.5
56172,25.0,43.6
56183,24.9,43.1
56193,24.9,42.9
56204,24.8,42.7
56219,24.6,42.8
56230,24.6,42.8
56240,24.5,42.6
56251,24.5,42.5
56262,24.4,42.3
56272,24.3,42.1
56285,24.2,42.6
56298,24.2,42.7
56309,24.1,42.7
56319,24.1,42.8
56330,24.1,42.9
56340,24.1,43.0
56351,24.0,43.0
56361,24.0,43.0
56372,24.0,43.1
56382,23.9,43.1
56393,23.9,43.1
56404,23.9,43.1
56414,23.9,43.1
56425,23.8,43.1
56438,23.8,43.2
56451,23.8,43.1
56461,23.7,43.1
56474,23.7,43.2
56487,23.7,43.2
56500,23.7,43.2
56511,23.7,43.2
56521,23.7,43.2
56532,23.7,43.2
56543,23.6,43.2
56553,23.6,43.2
56564,23.6,43.2
56574,23.6,43.1
56585,23.6,43.1
56595,23.6,43.2
56606,23.6,43.4
56619,23.6,43.3
56629,23.5,43.2
56647,23.5,43.2
56658,23.5,43.2
56674,23.5,43.2
56684,23.5,43.2
56715,23.5,43.3
56730,23.5,43.1
56741,23.5,43.1
56751,23.5,43.2
56762,23.5,43.1
56773,23.5,43.2
56783,23.5,43.2
56794,23.5,43.1
56807,23.5,43.1
56817,23.4,43.1
56830,23.4,43.2
56841,23.4,43.2
56851,23.4,43.2
56862,23.4,43.1
56872,23.4,43.1
56888,23.4,43.1
56898,23.4,43.1
56909,23.4,43.1
56920,23.4,43.1
56930,23.4,43.1
56941,23.4,43.2
56954,23.4,43.1
56964,23.4,43.1
56975,23.4,43.1
56988,23.4,43.1
57003,23.4,43.1
57016,23.4,43.1
57029,23.4,43.1
57040,23.4,43.1
57051,23.4,43.1
57066,23.3,43.1
57077,23.3,43.1
57087,23.4,43.2
57110,23.3,43.1
57121,23.4,43.2
57131,23.3,43.1
57440,23.3,42.2
57451,23.3,42.2
57456,23.2,42.1
57478,23.2,42.1
57484,23.3,42.2
57495,23.2,42.1
57528,23.3,42.2
57534,23.2,42.1
57539,23.2,42.1
57545,23.2,42.1
57550,23.2,42.2
57567,23.2,42.1
57578,23.2,42.0
57584,23.2,42.0
57595,23.2,42.0
57600,23.2,42.1
57606,23.2,42.1
57639,23.2,41.9
57655,23.2,41.9
57672,23.2,41.8
57678,23.2,41.9
57683,23.2,42.0
57700,23.2,41.9
57705,23.2,41.9
57711,23.2,41.9
57722,23.2,41.8
57727,23.2,41.7
57733,23.2,41.6
57738,23.2,41.6
57755,23.2,41.4
57760,23.2,41.4
57777,23.2,41.2
57783,23.2,41.2
57810,23.1,40.9
57816,23.2,41.0
57821,23.2,41.0
57860,23.1,40.9
57866,23.1,40.9
57877,23.1,40.9
57882,23.1,40.8
57899,23.1,40.8
57910,23.1,40.7
57915,23.1,40.6
57921,23.1,40.7
57926,23.1,40.7
57954,23.0,40.7
57971,23.0,40.6
58009,23.0,40.5
58015,23.0,40.5
58020,23.0,40.5
58031,23.0,40.5
58037,23.0,40.4
58048,23.0,40.3
58065,23.0,40.2
58076,23.0,40.3
58092,23.0,40.4
58098,23.0,40.4
58103,23.0,40.4
58109,23.0,40.4
58114,22.9,40.3
58120,23.0,40.4
58125,22.9,40.3
58131,22.9,40.3
58159,22.9,40.3
58164,22.9,40.3
58175,22.9,40.3
58181,22.9,40.3
58197,22.9,40.3
58219,22.9,40.3
58242,22.9,40.3
58258,22.9,40.4
58291,22.9,40.5
58302,22.9,40.4
58308,22.9,40.5
58313,22.9,40.5
58324,22.9,40.5
58341,22.9,40.5
58358,22.9,40.6
58380,22.9,40.6
58385,22.9,40.6
58391,22.9,40.6
58396,22.9,40.6
58402,22.9,40.6
58407,22.9,40.6
58435,22.9,40.4
58452,22.9,40.4
58457,22.9,40.3
58501,22.9,40.2
58507,22.9,40.3
58524,22.9,40.0
58529,22.9,40.0
58551,22.8,39.6
58579,22.8,39.3
58612,22.8,39.1
58618,22.8,39.1
58634,22.7,39.0
58640,22.8,39.1
58656,22.8,39.4
58662,22.8,39.5
58667,22.8,39.6
58673,22.8,39.7
58678,22.8,39.8
58684,22.8,39.8
58695,22.8,39.8
58700,22.8,39.8
58717,22.8,39.9
58723,22.8,40.0
58728,22.8,40.1
58734,22.8,40.1
58739,22.8,40.1
58745,22.8,40.2
58761,22.8,40.1
58772,22.8,39.9
58778,22.8,39.9
58794,22.8,39.6
58806,22.8,39.6
58828,22.8,39.8
58833,22.8,39.9
58861,22.8,40.0
58872,22.8,39.9
58883,22.8,40.0
58905,22.8,39.9
58927,22.8,39.9
58949,22.8,39.9
58960,22.8,40.0
58994,22.8,40.0
59010,22.8,39.9
59016,22.8,39.9
59032,22.8,39.9
59043,22.8,39.9
59049,22.8,39.9
59054,22.8,39.9
59088,22.8,39.8
59099,22.8,39.9
59104,22.8,39.9
59126,22.8,39.9
59132,22.8,39.9
59148,22.8,39.8
59154,22.8,39.8
59159,22.8,39.7
59182,22.8,39.6
59187,22.8,39.6
59193,22.8,39.7
59198,22.8,39.7
59204,22.8,39.7
59209,22.8,39.7
59215,22.8,39.8
59231,22.8,39.8
59237,22.8,39.8
59242,22.8,39.8
59248,22.8,39.8
59253,22.8,39.8
59259,22.8,39.9
59264,22.8,39.9
59270,22.8,39.9
59292,22.8,39.9
59298,22.8,39.8
59303,22.8,39.8
59309,22.8,39.9
59314,22.8,39.9
59331,22.8,39.9
59342,22.8,40.0
59358,22.8,39.9
59364,22.7,39.8
59370,22.7,39.8
59397,22.7,39.8
59403,22.7,39.9
59408,22.7,39.9
59419,22.7,39.9
59425,22.7,39.9
59441,22.7,39.7
59458,22.7,39.7
59464,22.7,39.7
59486,22.8,39.7
59502,22.7,39.6
59508,22.8,39.6
59513,22.8,39.6
59530,22.7,39.6
59546,22.7,39.6
59552,22.7,39.6
59563,22.7,39.7
59569,22.7,39.7
59591,22.7,39.7
59602,22.7,39.7
59613,22.7,39.7
59618,22.7,39.7
59624,22.7,39.7
59629,22.7,39.8
59663,22.7,39.8
59668,22.7,39.8
59679,22.7,39.8
59696,22.7,39.8
59701,22.7,39.8
59718,22.7,39.9
59723,22.7,39.9
59729,22.8,40.0
59746,22.8,39.9
59751,22.7,39.8
59757,22.7,39.7
59762,22.7,39.8
59773,22.7,39.8
59801,22.7,39.8
59829,22.7,39.8
59862,22.8,39.8
59873,22.8,39.7
59889,22.8,39.6
59895,22.8,39.6
59906,22.8,39.5
59917,22.8,39.4
59928,22.7,39.2
59934,22.8,39.2
59961,22.8,39.1
59967,22.8,39.2
59978,22.8,39.2
59989,22.8,39.3
60005,22.7,39.2
60017,22.7,39.3
60022,22.7,39.3
60033,22.7,39.4
60039,22.7,39.4
60050,22.7,39.2
60055,22.7,39.1
60088,22.7,38.8
60673,22.7,39.4
60695,22.7,39.4
60711,22.7,39.4
60717,22.7,39.2
60739,22.6,38.8
60750,22.7,38.7
60766,22.6,38.9
60772,22.6,38.9
60783,22.6,39.1
60805,22.7,39.4
60811,22.6,39.4
60816,22.6,39.4
60827,22.6,39.4
60844,22.7,39.4
60849,22.7,39.5
60872,22.7,39.6
60877,22.6,39.5
60883,22.7,39.5
60894,22.7,39.5
60910,22.7,39.4
60916,22.7,39.4
60927,22.7,39.5
60949,22.6,39.6
60960,22.7,39.7
60971,22.7,39.7
61015,22.7,39.6
61026,22.7,39.6
61032,22.7,39.6
61037,22.7,39.6
61048,22.7,39.6
61054,22.7,39.6
61076,22.7,39.6
61082,22.7,39.6
61104,22.7,39.7
61126,22.7,39.6
61137,22.7,39.6
61142,22.7,39.6
61148,22.7,39.7
61159,22.7,39.7
61170,22.7,39.6
61181,22.7,39.6
61192,22.7,39.6
61203,22.7,39.6
61214,22.7,39.5
61231,22.7,39.5
61236,22.7,39.6
61253,22.7,39.5
61270,22.7,39.4
61325,22.7,39.2
61330,22.7,39.1
61336,22.7,39.0
61341,22.7,39.0
61353,22.7,39.2
61375,22.7,39.2
61380,22.7,39.2
61402,22.7,39.2
61413,22.7,39.1
61419,22.7,39.1
61458,22.7,39.0
61463,22.7,39.0
61485,22.7,39.0
61491,22.7,39.0
61513,22.7,39.0
61535,22.7,38.7
61541,22.7,38.7
61552,22.7,38.7
61557,22.7,38.6
61579,22.7,38.4
61585,22.7,38.4
61590,22.7,38.4
61596,22.7,38.3
61618,22.7,37.9
61623,22.7,37.8
61629,22.7,37.8
61635,22.6,37.8
61651,22.7,38.1
61668,22.7,38.1
61673,22.7,38.2
61679,22.7,38.2
61690,22.7,38.2
61706,22.7,38.1
61729,22.7,38.1
61767,22.7,38.0
61789,22.7,37.9
61811,22.7,37.4
61845,22.6,36.9
61850,22.6,36.8
61872,22.6,36.6
61883,22.6,36.5
61889,22.6,36.4
61894,22.6,36.5
61900,22.6,36.5
61933,22.6,36.9
61939,22.6,36.8
61955,22.6,36.6
61961,22.6,36.5
61988,22.6,36.2
62005,22.6,36.2
62010,22.6,36.1
62022,22.6,36.1
62033,22.6,36.2
62049,22.6,36.3
62060,22.6,36.1
62077,22.6,35.9
62082,22.6,35.8
62099,22.6,35.7
62104,22.6,35.7
62121,22.5,35.4
62138,22.6,35.5
62149,22.6,35.5
62171,22.5,35.5
62176,22.5,35.4
62193,22.5,35.2
62199,22.5,35.2
62243,22.5,35.1
62248,22.5,35.0
62270,22.5,34.9
62281,22.5,34.9
62337,22.5,34.8
62353,22.5,34.8
62359,22.5,34.8
62370,22.5,34.8
62386,22.5,34.8
62392,22.5,34.8
62403,22.5,34.8
62409,22.5,34.7
62442,22.5,35.0
62447,22.5,35.0
62458,22.5,35.1
62464,22.5,35.1
62475,22.5,35.2
62480,22.5,35.2
62486,22.5,35.1
62491,22.5,35.0
62503,22.5,34.9
62508,22.5,34.9
62525,22.5,34.9
62530,22.4,34.9
62536,22.5,34.9
62547,22.5,34.8
62580,22.5,35.0
62591,22.5,35.1
62597,22.5,35.0
62602,22.5,35.0
62608,22.5,35.0
62613,22.5,34.8
62619,22.5,34.8
62630,22.5,34.9
62646,22.5,34.9
62652,22.5,34.8
62657,22.5,34.8
62663,22.5,34.8
62668,22.5,34.7
62674,22.5,34.7
62685,22.5,34.8
62691,22.5,34.8
62702,22.5,35.1
62707,22.5,35.3
62729,22.5,35.2
62735,22.5,35.1
62751,22.5,35.0
62757,22.5,34.9
62762,22.5,35.0
62774,22.5,35.0
62790,22.5,35.0
62796,22.5,35.0
62807,22.5,35.0
62818,22.5,35.0
62823,22.5,35.0
62845,22.5,34.9
62862,22.5,34.9
62879,22.5,34.9
62884,22.6,35.0
62890,22.6,35.1
62906,22.5,35.0
62917,22.5,35.1
62945,22.5,34.9
62950,22.5,35.0
62956,22.5,35.0
62967,22.5,34.8
